<!--Hibernate file-based configuration document.-->

<!DOCTYPE hibernate-configuration PUBLIC
	"-//Hibernate/Hibernate Configuration DTD 3.0//EN"
	"http://www.hibernate.org/dtd/hibernate-configuration-3.0.dtd">

<hibernate-configuration>
    <session-factory>
        <property name="hibernate.connection.driver">com.mysql.cj.jdbc.Driver</property>
        <property name="hibernate.connection.url">jdbc:mysql://localhost:3306/personsdb</property>
        <property name="hibernate.connection.username">root</property>
        <property name="hibernate.connection.password">Password!123</property>

        <property name="hibernate.dialect">org.hibernate.dialect.MySQLDialect</property>
        <property name="hibernate.show_sql">true</property>
<!--        <property name="hibernate.hbm2ddl">update</property>-->
    </session-factory>
</hibernate-configuration>