{
  "db": [
    {
      "0": {
        "0": {
          "id": "1",
          "checked": true,
          "description": "Java Task"
        },
        "id": "1",
        "checked": false,
        "description": "Java Task"
      },
      "id": "1",
      "checked": false,
      "description": "Java Task"
    },
    {
      "id": "2",
      "checked": true,
      "description": "UI Task"
    },
    {
      "id": "3",
      "checked": true,
      "description": "Git Task"
    },
    {
      "id": "4",
      "checked": false,
      "description": "DB Task"
    },
    {
      "id": "5",
      "checked": true,
      "description": "Spring Task"
    },
    {
      "id": "51",
      "checked": false,
      "description": " Practice module"
    }
  ]
}